CTNAME,status,municipality,population
CT 0001,Census Tract,Toronto,599
CT 0002,Census Tract,Toronto,604
CT 0003,Census Tract,Toronto,457
CT 0004,Census Tract,Toronto,6306
CT 0005,Census Tract,Toronto,6957
CT 0006,Census Tract,Toronto,119
CT 0007.01,Census Tract,Toronto,3402
CT 0007.02,Census Tract,Toronto,4422
CT 0008.01,Census Tract,Toronto,8480
CT 0008.02,Census Tract,Toronto,11591
CT 0009,Census Tract,Toronto,520
CT 0010.01,Census Tract,Toronto,5611
CT 0010.02,Census Tract,Toronto,7468
CT 0011.01,Census Tract,Toronto,9592
CT 0011.02,Census Tract,Toronto,9746
CT 0011.03,Census Tract,Toronto,6391
CT 0012.01,Census Tract,Toronto,13554
CT 0012.03,Census Tract,Toronto,8957
CT 0012.04,Census Tract,Toronto,5688
CT 0013.01,Census Tract,Toronto,6820
CT 0013.02,Census Tract,Toronto,10439
CT 0014,Census Tract,Toronto,2382
CT 0015,Census Tract,Toronto,4922
CT 0016,Census Tract,Toronto,11144
CT 0017.01,Census Tract,Toronto,4787
CT 0017.02,Census Tract,Toronto,8710
CT 0018,Census Tract,Toronto,3633
CT 0019,Census Tract,Toronto,3269
CT 0020,Census Tract,Toronto,2298
CT 0021,Census Tract,Toronto,5192
CT 0022,Census Tract,Toronto,3847
CT 0023,Census Tract,Toronto,3374
CT 0024,Census Tract,Toronto,6891
CT 0025,Census Tract,Toronto,3553
CT 0026,Census Tract,Toronto,6409
CT 0027,Census Tract,Toronto,4405
CT 0028.01,Census Tract,Toronto,1290
CT 0028.02,Census Tract,Toronto,5868
CT 0029,Census Tract,Toronto,6722
CT 0030,Census Tract,Toronto,6926
CT 0031,Census Tract,Toronto,5871
CT 0032,Census Tract,Toronto,6042
CT 0033,Census Tract,Toronto,5515
CT 0034.01,Census Tract,Toronto,5337
CT 0034.02,Census Tract,Toronto,7992
CT 0035,Census Tract,Toronto,10506
CT 0036,Census Tract,Toronto,5685
CT 0037,Census Tract,Toronto,4802
CT 0038,Census Tract,Toronto,3605
CT 0039,Census Tract,Toronto,4505
CT 0040,Census Tract,Toronto,4274
CT 0041,Census Tract,Toronto,3324
CT 0042,Census Tract,Toronto,4423
CT 0043,Census Tract,Toronto,3670
CT 0044.01,Census Tract,Toronto,5016
CT 0044.02,Census Tract,Toronto,4255
CT 0045,Census Tract,Toronto,3247
CT 0046,Census Tract,Toronto,3151
CT 0047.02,Census Tract,Toronto,3511
CT 0047.03,Census Tract,Toronto,1014
CT 0047.04,Census Tract,Toronto,2773
CT 0048,Census Tract,Toronto,3353
CT 0049,Census Tract,Toronto,3351
CT 0050.01,Census Tract,Toronto,8648
CT 0050.03,Census Tract,Toronto,1085
CT 0050.04,Census Tract,Toronto,4907
CT 0051,Census Tract,Toronto,4979
CT 0052,Census Tract,Toronto,4074
CT 0053,Census Tract,Toronto,5823
CT 0054,Census Tract,Toronto,5453
CT 0055,Census Tract,Toronto,2691
CT 0056,Census Tract,Toronto,4436
CT 0057,Census Tract,Toronto,2287
CT 0058,Census Tract,Toronto,3757
CT 0059,Census Tract,Toronto,3843
CT 0060,Census Tract,Toronto,2550
CT 0061,Census Tract,Toronto,1202
CT 0062.01,Census Tract,Toronto,4843
CT 0062.03,Census Tract,Toronto,4224
CT 0062.04,Census Tract,Toronto,8524
CT 0063.03,Census Tract,Toronto,4869
CT 0063.04,Census Tract,Toronto,4778
CT 0063.05,Census Tract,Toronto,6551
CT 0063.06,Census Tract,Toronto,6217
CT 0064,Census Tract,Toronto,4963
CT 0065.01,Census Tract,Toronto,2650
CT 0065.02,Census Tract,Toronto,11120
CT 0066,Census Tract,Toronto,7062
CT 0067,Census Tract,Toronto,1692
CT 0068,Census Tract,Toronto,2451
CT 0069,Census Tract,Toronto,4847
CT 0070,Census Tract,Toronto,3302
CT 0071,Census Tract,Toronto,3342
CT 0072.01,Census Tract,Toronto,4509
CT 0072.02,Census Tract,Toronto,2985
CT 0073,Census Tract,Toronto,2478
CT 0074,Census Tract,Toronto,3723
CT 0075,Census Tract,Toronto,4014
CT 0076,Census Tract,Toronto,4237
CT 0077,Census Tract,Toronto,4493
CT 0078,Census Tract,Toronto,6282
CT 0079,Census Tract,Toronto,7424
CT 0080.01,Census Tract,Toronto,3707
CT 0080.02,Census Tract,Toronto,4642
CT 0081,Census Tract,Toronto,2848
CT 0082,Census Tract,Toronto,2647
CT 0083,Census Tract,Toronto,3869
CT 0084,Census Tract,Toronto,3552
CT 0085,Census Tract,Toronto,4160
CT 0086,Census Tract,Toronto,2528
CT 0087,Census Tract,Toronto,4814
CT 0088,Census Tract,Toronto,3127
CT 0089,Census Tract,Toronto,5349
CT 0090,Census Tract,Toronto,4020
CT 0091.01,Census Tract,Toronto,5739
CT 0091.02,Census Tract,Toronto,3421
CT 0092,Census Tract,Toronto,6818
CT 0093,Census Tract,Toronto,5358
CT 0094,Census Tract,Toronto,4699
CT 0095,Census Tract,Toronto,2913
CT 0096.01,Census Tract,Toronto,1610
CT 0096.02,Census Tract,Toronto,3156
CT 0097.01,Census Tract,Toronto,3929
CT 0097.03,Census Tract,Toronto,2078
CT 0097.04,Census Tract,Toronto,5031
CT 0098,Census Tract,Toronto,6976
CT 0099,Census Tract,Toronto,6282
CT 0100,Census Tract,Toronto,2961
CT 0101,Census Tract,Toronto,3246
CT 0102.02,Census Tract,Toronto,4561
CT 0102.03,Census Tract,Toronto,3576
CT 0102.04,Census Tract,Toronto,706
CT 0102.05,Census Tract,Toronto,842
CT 0103,Census Tract,Toronto,6195
CT 0104,Census Tract,Toronto,5476
CT 0105,Census Tract,Toronto,4318
CT 0106,Census Tract,Toronto,3680
CT 0107,Census Tract,Toronto,4851
CT 0108,Census Tract,Toronto,5829
CT 0109,Census Tract,Toronto,5470
CT 0110,Census Tract,Toronto,3491
CT 0111,Census Tract,Toronto,2442
CT 0112,Census Tract,Toronto,4761
CT 0113,Census Tract,Toronto,2521
CT 0114,Census Tract,Toronto,5164
CT 0115,Census Tract,Toronto,4219
CT 0116,Census Tract,Toronto,4445
CT 0117,Census Tract,Toronto,2518
CT 0118,Census Tract,Toronto,3995
CT 0119,Census Tract,Toronto,4856
CT 0120,Census Tract,Toronto,1418
CT 0121,Census Tract,Toronto,3183
CT 0122,Census Tract,Toronto,6199
CT 0123,Census Tract,Toronto,2377
CT 0124,Census Tract,Toronto,5529
CT 0125,Census Tract,Toronto,4270
CT 0126,Census Tract,Toronto,4164
CT 0127,Census Tract,Toronto,5293
CT 0128.02,Census Tract,Toronto,12611
CT 0128.04,Census Tract,Toronto,4772
CT 0128.05,Census Tract,Toronto,1127
CT 0128.06,Census Tract,Toronto,4870
CT 0129,Census Tract,Toronto,5642
CT 0130,Census Tract,Toronto,3355
CT 0131,Census Tract,Toronto,5258
CT 0132,Census Tract,Toronto,5350
CT 0133,Census Tract,Toronto,7082
CT 0134,Census Tract,Toronto,2911
CT 0135,Census Tract,Toronto,6782
CT 0136.01,Census Tract,Toronto,7267
CT 0136.02,Census Tract,Toronto,8740
CT 0137,Census Tract,Toronto,6916
CT 0138,Census Tract,Toronto,3010
CT 0139.01,Census Tract,Toronto,4316
CT 0139.02,Census Tract,Toronto,2440
CT 0140,Census Tract,Toronto,2341
CT 0141.01,Census Tract,Toronto,4493
CT 0141.02,Census Tract,Toronto,4653
CT 0142,Census Tract,Toronto,5589
CT 0150,Census Tract,Toronto,4210
CT 0151,Census Tract,Toronto,3756
CT 0152,Census Tract,Toronto,4653
CT 0153,Census Tract,Toronto,4460
CT 0154,Census Tract,Toronto,6192
CT 0155,Census Tract,Toronto,3080
CT 0156.01,Census Tract,Toronto,5700
CT 0156.02,Census Tract,Toronto,2810
CT 0157,Census Tract,Toronto,2716
CT 0158,Census Tract,Toronto,3036
CT 0159.01,Census Tract,Toronto,3506
CT 0159.02,Census Tract,Toronto,4865
CT 0160,Census Tract,Toronto,3152
CT 0161,Census Tract,Toronto,6885
CT 0162,Census Tract,Toronto,4846
CT 0163,Census Tract,Toronto,4308
CT 0164,Census Tract,Toronto,6002
CT 0165,Census Tract,Toronto,4209
CT 0166,Census Tract,Toronto,4024
CT 0167.01,Census Tract,Toronto,2446
CT 0167.02,Census Tract,Toronto,5745
CT 0168,Census Tract,Toronto,5674
CT 0169.01,Census Tract,Toronto,3587
CT 0169.02,Census Tract,Toronto,7596
CT 0170,Census Tract,Toronto,3407
CT 0171,Census Tract,Toronto,3914
CT 0172,Census Tract,Toronto,2505
CT 0173,Census Tract,Toronto,3586
CT 0174,Census Tract,Toronto,7062
CT 0175.01,Census Tract,Toronto,5963
CT 0175.02,Census Tract,Toronto,8672
CT 0176,Census Tract,Toronto,4261
CT 0180,Census Tract,Toronto,6462
CT 0181.01,Census Tract,Toronto,4382
CT 0181.02,Census Tract,Toronto,3546
CT 0182,Census Tract,Toronto,5407
CT 0183.01,Census Tract,Toronto,2623
CT 0183.02,Census Tract,Toronto,4035
CT 0184.01,Census Tract,Toronto,5008
CT 0184.02,Census Tract,Toronto,3671
CT 0185.01,Census Tract,Toronto,6836
CT 0185.02,Census Tract,Toronto,4244
CT 0186,Census Tract,Toronto,2382
CT 0187,Census Tract,Toronto,3473
CT 0188,Census Tract,Toronto,2031
CT 0189,Census Tract,Toronto,5655
CT 0190.01,Census Tract,Toronto,8588
CT 0190.02,Census Tract,Toronto,4612
CT 0191,Census Tract,Toronto,4372
CT 0192,Census Tract,Toronto,843
CT 0193,Census Tract,Toronto,3264
CT 0194.01,Census Tract,Toronto,7821
CT 0194.02,Census Tract,Toronto,4717
CT 0194.03,Census Tract,Toronto,2700
CT 0194.04,Census Tract,Toronto,5399
CT 0195.01,Census Tract,Toronto,4425
CT 0195.02,Census Tract,Toronto,2384
CT 0196.01,Census Tract,Toronto,1942
CT 0196.02,Census Tract,Toronto,5577
CT 0200.01,Census Tract,Toronto,5594
CT 0200.02,Census Tract,Toronto,1049
CT 0201,Census Tract,Toronto,5528
CT 0202,Census Tract,Toronto,1640
CT 0203,Census Tract,Toronto,3425
CT 0204,Census Tract,Toronto,4596
CT 0205,Census Tract,Toronto,144
CT 0206.01,Census Tract,Toronto,5106
CT 0206.02,Census Tract,Toronto,6294
CT 0207,Census Tract,Toronto,2597
CT 0208,Census Tract,Toronto,4165
CT 0209,Census Tract,Toronto,2862
CT 0210.01,Census Tract,Toronto,3703
CT 0210.03,Census Tract,Toronto,6959
CT 0210.04,Census Tract,Toronto,10080
CT 0211,Census Tract,Toronto,6884
CT 0212,Census Tract,Toronto,5712
CT 0213.01,Census Tract,Toronto,2658
CT 0213.02,Census Tract,Toronto,6301
CT 0214,Census Tract,Toronto,6728
CT 0215,Census Tract,Toronto,7151
CT 0216,Census Tract,Toronto,5489
CT 0217,Census Tract,Toronto,5900
CT 0218,Census Tract,Toronto,2674
CT 0219,Census Tract,Toronto,4531
CT 0220,Census Tract,Toronto,4196
CT 0221.01,Census Tract,Toronto,6363
CT 0221.02,Census Tract,Toronto,5269
CT 0222.01,Census Tract,Toronto,7105
CT 0222.02,Census Tract,Toronto,4985
CT 0223.01,Census Tract,Toronto,1522
CT 0223.02,Census Tract,Toronto,2180
CT 0224,Census Tract,Toronto,1650
CT 0225.01,Census Tract,Toronto,5209
CT 0225.02,Census Tract,Toronto,10827
CT 0226,Census Tract,Toronto,2813
CT 0227,Census Tract,Toronto,1752
CT 0228,Census Tract,Toronto,3144
CT 0229,Census Tract,Toronto,1226
CT 0230.01,Census Tract,Toronto,2649
CT 0230.02,Census Tract,Toronto,6558
CT 0231,Census Tract,Toronto,6273
CT 0232,Census Tract,Toronto,3820
CT 0233,Census Tract,Toronto,5707
CT 0234,Census Tract,Toronto,4531
CT 0235.01,Census Tract,Toronto,2902
CT 0235.02,Census Tract,Toronto,5166
CT 0236.01,Census Tract,Toronto,6949
CT 0236.02,Census Tract,Toronto,5902
CT 0237.01,Census Tract,Toronto,6641
CT 0237.02,Census Tract,Toronto,3003
CT 0237.03,Census Tract,Toronto,5935
CT 0238.01,Census Tract,Toronto,3500
CT 0238.02,Census Tract,Toronto,5306
CT 0239,Census Tract,Toronto,6715
CT 0240.01,Census Tract,Toronto,3377
CT 0240.02,Census Tract,Toronto,6089
CT 0241,Census Tract,Toronto,2772
CT 0242,Census Tract,Toronto,1566
CT 0243.01,Census Tract,Toronto,6212
CT 0243.02,Census Tract,Toronto,3793
CT 0244.01,Census Tract,Toronto,3663
CT 0244.02,Census Tract,Toronto,5703
CT 0245,Census Tract,Toronto,7033
CT 0246,Census Tract,Toronto,3345
CT 0247.01,Census Tract,Toronto,9027
CT 0247.02,Census Tract,Toronto,7213
CT 0248.02,Census Tract,Toronto,5538
CT 0248.03,Census Tract,Toronto,2651
CT 0248.04,Census Tract,Toronto,4945
CT 0248.05,Census Tract,Toronto,4285
CT 0249.01,Census Tract,Toronto,4598
CT 0249.03,Census Tract,Toronto,5569
CT 0249.04,Census Tract,Toronto,2709
CT 0249.05,Census Tract,Toronto,5606
CT 0250.01,Census Tract,Toronto,5047
CT 0250.02,Census Tract,Toronto,4958
CT 0250.04,Census Tract,Toronto,5939
CT 0250.05,Census Tract,Toronto,7031
CT 0260.01,Census Tract,Toronto,6590
CT 0260.04,Census Tract,Toronto,3879
CT 0260.05,Census Tract,Toronto,4139
CT 0260.06,Census Tract,Toronto,4354
CT 0260.07,Census Tract,Toronto,3591
CT 0261,Census Tract,Toronto,5547
CT 0262.01,Census Tract,Toronto,5848
CT 0262.02,Census Tract,Toronto,6252
CT 0263.02,Census Tract,Toronto,3873
CT 0263.03,Census Tract,Toronto,4635
CT 0263.04,Census Tract,Toronto,6464
CT 0264,Census Tract,Toronto,1260
CT 0265,Census Tract,Toronto,5555
CT 0266,Census Tract,Toronto,3094
CT 0267,Census Tract,Toronto,6042
CT 0268,Census Tract,Toronto,6458
CT 0269.01,Census Tract,Toronto,5284
CT 0269.02,Census Tract,Toronto,2562
CT 0270.01,Census Tract,Toronto,4763
CT 0270.02,Census Tract,Toronto,4263
CT 0271.01,Census Tract,Toronto,2394
CT 0271.02,Census Tract,Toronto,4724
CT 0272.01,Census Tract,Toronto,5945
CT 0272.02,Census Tract,Toronto,4623
CT 0273.01,Census Tract,Toronto,3703
CT 0273.02,Census Tract,Toronto,4032
CT 0274.01,Census Tract,Toronto,4712
CT 0274.02,Census Tract,Toronto,4558
CT 0275,Census Tract,Toronto,5567
CT 0276.01,Census Tract,Toronto,6317
CT 0276.02,Census Tract,Toronto,6567
CT 0277,Census Tract,Toronto,3925
CT 0278,Census Tract,Toronto,7734
CT 0279.01,Census Tract,Toronto,4135
CT 0279.02,Census Tract,Toronto,6140
CT 0280,Census Tract,Toronto,7217
CT 0281.01,Census Tract,Toronto,6403
CT 0281.02,Census Tract,Toronto,3921
CT 0282,Census Tract,Toronto,4588
CT 0283.01,Census Tract,Toronto,5153
CT 0283.02,Census Tract,Toronto,4390
CT 0284,Census Tract,Toronto,6762
CT 0285,Census Tract,Toronto,3278
CT 0286,Census Tract,Toronto,6768
CT 0287.02,Census Tract,Toronto,6471
CT 0287.03,Census Tract,Toronto,2699
CT 0287.04,Census Tract,Toronto,4551
CT 0288,Census Tract,Toronto,11027
CT 0289,Census Tract,Toronto,4885
CT 0290.01,Census Tract,Toronto,3748
CT 0290.02,Census Tract,Toronto,1652
CT 0291.02,Census Tract,Toronto,4881
CT 0291.03,Census Tract,Toronto,2721
CT 0291.04,Census Tract,Toronto,1572
CT 0292,Census Tract,Toronto,8580
CT 0293,Census Tract,Toronto,6808
CT 0294.01,Census Tract,Toronto,4177
CT 0294.02,Census Tract,Toronto,4449
CT 0295,Census Tract,Toronto,5481
CT 0296,Census Tract,Toronto,1744
CT 0297.01,Census Tract,Toronto,7239
CT 0297.02,Census Tract,Toronto,6646
CT 0298,Census Tract,Toronto,4561
CT 0299.01,Census Tract,Toronto,6289
CT 0299.02,Census Tract,Toronto,5130
CT 0300.01,Census Tract,Toronto,3850
CT 0300.02,Census Tract,Toronto,7505
CT 0300.03,Census Tract,Toronto,2448
CT 0301.01,Census Tract,Toronto,2863
CT 0301.03,Census Tract,Toronto,8324
CT 0301.04,Census Tract,Toronto,8766
CT 0302.01,Census Tract,Toronto,6114
CT 0302.02,Census Tract,Toronto,5867
CT 0302.03,Census Tract,Toronto,3267
CT 0303,Census Tract,Toronto,6080
CT 0304.01,Census Tract,Toronto,4404
CT 0304.02,Census Tract,Toronto,4595
CT 0304.03,Census Tract,Toronto,2484
CT 0304.04,Census Tract,Toronto,3482
CT 0304.05,Census Tract,Toronto,2686
CT 0304.06,Census Tract,Toronto,5725
CT 0305.01,Census Tract,Toronto,4421
CT 0305.03,Census Tract,Toronto,4766
CT 0305.05,Census Tract,Toronto,6580
CT 0305.06,Census Tract,Toronto,4366
CT 0306.01,Census Tract,Toronto,4612
CT 0306.02,Census Tract,Toronto,4686
CT 0307.03,Census Tract,Toronto,4957
CT 0307.04,Census Tract,Toronto,6919
CT 0307.05,Census Tract,Toronto,3365
CT 0307.06,Census Tract,Toronto,5057
CT 0307.07,Census Tract,Toronto,6216
CT 0308.02,Census Tract,Toronto,4327
CT 0308.03,Census Tract,Toronto,1115
CT 0308.05,Census Tract,Toronto,2386
CT 0308.06,Census Tract,Toronto,5585
CT 0308.07,Census Tract,Toronto,3797
CT 0309,Census Tract,Toronto,6361
CT 0310.01,Census Tract,Toronto,3609
CT 0310.02,Census Tract,Toronto,5328
CT 0311.02,Census Tract,Toronto,6010
CT 0311.03,Census Tract,Toronto,2672
CT 0311.04,Census Tract,Toronto,6517
CT 0311.05,Census Tract,Toronto,6698
CT 0311.06,Census Tract,Toronto,6660
CT 0312.02,Census Tract,Toronto,3505
CT 0312.03,Census Tract,Toronto,6374
CT 0312.04,Census Tract,Toronto,5234
CT 0312.05,Census Tract,Toronto,3685
CT 0312.06,Census Tract,Toronto,3415
CT 0312.07,Census Tract,Toronto,3535
CT 0313,Census Tract,Toronto,5554
CT 0314.01,Census Tract,Toronto,6275
CT 0314.02,Census Tract,Toronto,5130
CT 0315.01,Census Tract,Toronto,3267
CT 0315.02,Census Tract,Toronto,3365
CT 0315.03,Census Tract,Toronto,5562
CT 0316.01,Census Tract,Toronto,3970
CT 0316.03,Census Tract,Toronto,5761
CT 0316.04,Census Tract,Toronto,4105
CT 0316.05,Census Tract,Toronto,4104
CT 0316.06,Census Tract,Toronto,3367
CT 0317.02,Census Tract,Toronto,7242
CT 0317.03,Census Tract,Toronto,3531
CT 0317.04,Census Tract,Toronto,6731
CT 0317.05,Census Tract,Toronto,2162
CT 0318.01,Census Tract,Toronto,4762
CT 0318.02,Census Tract,Toronto,4137
CT 0319,Census Tract,Toronto,4099
CT 0320.01,Census Tract,Toronto,5178
CT 0320.02,Census Tract,Toronto,5802
CT 0321.01,Census Tract,Toronto,3808
CT 0321.02,Census Tract,Toronto,3879
CT 0322.01,Census Tract,Toronto,4495
CT 0322.02,Census Tract,Toronto,3814
CT 0323.01,Census Tract,Toronto,4274
CT 0323.02,Census Tract,Toronto,4950
CT 0324.01,Census Tract,Toronto,3275
CT 0324.02,Census Tract,Toronto,5925
CT 0324.03,Census Tract,Toronto,3671
CT 0324.05,Census Tract,Toronto,3336
CT 0324.06,Census Tract,Toronto,3442
CT 0330,Census Tract,Toronto,4252
CT 0331.01,Census Tract,Toronto,5545
CT 0331.03,Census Tract,Toronto,6065
CT 0331.04,Census Tract,Toronto,3372
CT 0332,Census Tract,Toronto,7337
CT 0333,Census Tract,Toronto,4717
CT 0334,Census Tract,Toronto,3610
CT 0335,Census Tract,Toronto,7857
CT 0336,Census Tract,Toronto,6901
CT 0337.01,Census Tract,Toronto,1177
CT 0337.02,Census Tract,Toronto,2008
CT 0338,Census Tract,Toronto,6092
CT 0339,Census Tract,Toronto,6937
CT 0340,Census Tract,Toronto,6931
CT 0341.02,Census Tract,Toronto,4576
CT 0341.03,Census Tract,Toronto,3185
CT 0341.04,Census Tract,Toronto,6152
CT 0342,Census Tract,Toronto,7329
CT 0343,Census Tract,Toronto,4260
CT 0344.01,Census Tract,Toronto,5183
CT 0344.02,Census Tract,Toronto,3301
CT 0345,Census Tract,Toronto,4042
CT 0346.01,Census Tract,Toronto,4630
CT 0346.02,Census Tract,Toronto,5323
CT 0347,Census Tract,Toronto,3390
CT 0348,Census Tract,Toronto,5780
CT 0349,Census Tract,Toronto,5633
CT 0350,Census Tract,Toronto,5228
CT 0351.01,Census Tract,Toronto,5376
CT 0351.02,Census Tract,Toronto,2683
CT 0352,Census Tract,Toronto,5278
CT 0353.02,Census Tract,Toronto,5464
CT 0353.03,Census Tract,Toronto,3000
CT 0353.04,Census Tract,Toronto,4255
CT 0354,Census Tract,Toronto,5421
CT 0355.02,Census Tract,Toronto,5097
CT 0355.04,Census Tract,Toronto,5152
CT 0355.05,Census Tract,Toronto,3525
CT 0355.06,Census Tract,Toronto,1791
CT 0356,Census Tract,Toronto,4962
CT 0357.01,Census Tract,Toronto,6706
CT 0357.02,Census Tract,Toronto,5001
CT 0358.01,Census Tract,Toronto,3504
CT 0358.02,Census Tract,Toronto,5280
CT 0358.03,Census Tract,Toronto,5718
CT 0359,Census Tract,Toronto,7681
CT 0360,Census Tract,Toronto,6231
CT 0361.01,Census Tract,Toronto,6037
CT 0361.02,Census Tract,Toronto,7416
CT 0362.01,Census Tract,Toronto,6291
CT 0362.02,Census Tract,Toronto,5803
CT 0362.03,Census Tract,Toronto,6875
CT 0362.04,Census Tract,Toronto,5240
CT 0363.02,Census Tract,Toronto,3270
CT 0363.04,Census Tract,Toronto,3908
CT 0363.05,Census Tract,Toronto,4665
CT 0363.06,Census Tract,Toronto,7176
CT 0363.07,Census Tract,Toronto,5164
CT 0364.01,Census Tract,Toronto,5865
CT 0364.02,Census Tract,Toronto,3110
CT 0365,Census Tract,Toronto,7650
CT 0366,Census Tract,Toronto,6228
CT 0367.01,Census Tract,Toronto,4534
CT 0367.02,Census Tract,Toronto,3560
CT 0368.01,Census Tract,Toronto,6624
CT 0368.02,Census Tract,Toronto,4365
CT 0369,Census Tract,Toronto,8145
CT 0370.01,Census Tract,Toronto,9656
CT 0370.02,Census Tract,Toronto,5574
CT 0370.03,Census Tract,Toronto,4262
CT 0371,Census Tract,Toronto,8463
CT 0372,Census Tract,Toronto,4333
CT 0373,Census Tract,Toronto,4934
CT 0374.01,Census Tract,Toronto,5150
CT 0374.02,Census Tract,Toronto,3171
CT 0374.03,Census Tract,Toronto,4053
CT 0375.01,Census Tract,Toronto,6266
CT 0375.02,Census Tract,Toronto,1887
CT 0375.03,Census Tract,Toronto,5221
CT 0375.04,Census Tract,Toronto,5785
CT 0375.05,Census Tract,Toronto,6915
CT 0376.01,Census Tract,Toronto,5025
CT 0376.02,Census Tract,Toronto,4667
CT 0376.04,Census Tract,Toronto,5296
CT 0376.05,Census Tract,Toronto,6299
CT 0376.06,Census Tract,Toronto,428
CT 0376.08,Census Tract,Toronto,6056
CT 0376.09,Census Tract,Toronto,4250
CT 0376.11,Census Tract,Toronto,3313
CT 0376.12,Census Tract,Toronto,5081
CT 0376.13,Census Tract,Toronto,3626
CT 0376.14,Census Tract,Toronto,3472
CT 0376.15,Census Tract,Toronto,3560
CT 0376.16,Census Tract,Toronto,4484
CT 0377.02,Census Tract,Toronto,4356
CT 0377.03,Census Tract,Toronto,2682
CT 0377.04,Census Tract,Toronto,5466
CT 0377.06,Census Tract,Toronto,3408
CT 0377.07,Census Tract,Toronto,4556
CT 0377.08,Census Tract,Toronto,4912
CT 0377.09,Census Tract,Toronto,5506
CT 0378.02,Census Tract,Toronto,2970
CT 0378.03,Census Tract,Toronto,7948
CT 0378.04,Census Tract,Toronto,5958
CT 0378.05,Census Tract,Toronto,3905
CT 0378.06,Census Tract,Toronto,5763
CT 0378.07,Census Tract,Toronto,6694
CT 0378.08,Census Tract,Toronto,6275
CT 0378.11,Census Tract,Toronto,5633
CT 0378.12,Census Tract,Toronto,5300
CT 0378.14,Census Tract,Toronto,3707
CT 0378.16,Census Tract,Toronto,5695
CT 0378.17,Census Tract,Toronto,3265
CT 0378.18,Census Tract,Toronto,2587
CT 0378.19,Census Tract,Toronto,4808
CT 0378.20,Census Tract,Toronto,1918
CT 0378.21,Census Tract,Toronto,3612
CT 0378.22,Census Tract,Toronto,3114
CT 0378.23,Census Tract,Toronto,3840
CT 0378.24,Census Tract,Toronto,5820
CT 0378.25,Census Tract,Toronto,7612
CT 0378.26,Census Tract,Toronto,4867
CT 0378.27,Census Tract,Toronto,5547
CT 0378.28,Census Tract,Toronto,6946
CT 0400.02,Census Tract,Markham,5883
CT 0400.03,Census Tract,Markham,2848
CT 0400.04,Census Tract,Markham,1975
CT 0400.06,Census Tract,Markham,3026
CT 0400.07,Census Tract,Markham,3425
CT 0400.08,Census Tract,Markham,3061
CT 0400.11,Census Tract,Markham,5933
CT 0400.12,Census Tract,Markham,6620
CT 0400.13,Census Tract,Markham,6377
CT 0400.14,Census Tract,Markham,5604
CT 0400.15,Census Tract,Markham,4559
CT 0400.16,Census Tract,Markham,5203
CT 0400.17,Census Tract,Markham,4371
CT 0400.18,Census Tract,Markham,2418
CT 0400.19,Census Tract,Markham,11590
CT 0400.20,Census Tract,Markham,5740
CT 0400.21,Census Tract,Markham,3068
CT 0400.22,Census Tract,Markham,10353
CT 0400.23,Census Tract,Markham,10615
CT 0401.04,Census Tract,Markham,3065
CT 0401.05,Census Tract,Markham,3245
CT 0401.06,Census Tract,Markham,6048
CT 0401.07,Census Tract,Markham,4147
CT 0401.08,Census Tract,Markham,3238
CT 0401.09,Census Tract,Markham,7885
CT 0401.10,Census Tract,Markham,4508
CT 0401.11,Census Tract,Markham,6354
CT 0401.13,Census Tract,Markham,6839
CT 0401.14,Census Tract,Markham,7408
CT 0401.15,Census Tract,Markham,2755
CT 0401.17,Census Tract,Markham,3339
CT 0401.18,Census Tract,Markham,8632
CT 0401.19,Census Tract,Markham,6305
CT 0401.20,Census Tract,Markham,4107
CT 0401.21,Census Tract,Markham,2707
CT 0401.22,Census Tract,Markham,8355
CT 0401.23,Census Tract,Markham,1896
CT 0402.01,Census Tract,Markham,2433
CT 0402.02,Census Tract,Markham,5837
CT 0402.03,Census Tract,Markham,3104
CT 0402.04,Census Tract,Markham,4960
CT 0402.05,Census Tract,Markham,1969
CT 0402.06,Census Tract,Markham,5910
CT 0402.07,Census Tract,Markham,2041
CT 0402.08,Census Tract,Markham,5827
CT 0402.09,Census Tract,Markham,3644
CT 0402.10,Census Tract,Markham,3882
CT 0402.12,Census Tract,Markham,6069
CT 0402.13,Census Tract,Markham,4734
CT 0403.01,Census Tract,Markham,6936
CT 0403.04,Census Tract,Markham,4147
CT 0403.05,Census Tract,Markham,4658
CT 0403.07,Census Tract,Markham,12448
CT 0403.09,Census Tract,Markham,4859
CT 0403.10,Census Tract,Markham,5779
CT 0403.11,Census Tract,Markham,10637
CT 0403.12,Census Tract,Markham,9890
CT 0403.13,Census Tract,Markham,6694
CT 0403.14,Census Tract,Markham,11336
CT 0403.15,Census Tract,Markham,12558
CT 0403.16,Census Tract,Markham,4649
CT 0410.02,Census Tract,Vaughan,4193
CT 0410.03,Census Tract,Vaughan,6841
CT 0410.04,Census Tract,Vaughan,3738
CT 0410.05,Census Tract,Vaughan,5941
CT 0410.07,Census Tract,Vaughan,3439
CT 0410.09,Census Tract,Vaughan,5094
CT 0410.10,Census Tract,Vaughan,3756
CT 0410.11,Census Tract,Vaughan,3954
CT 0410.12,Census Tract,Vaughan,7282
CT 0410.13,Census Tract,Vaughan,6430
CT 0410.14,Census Tract,Vaughan,5654
CT 0410.15,Census Tract,Vaughan,1786
CT 0411.01,Census Tract,Vaughan,5327
CT 0411.04,Census Tract,Vaughan,5229
CT 0411.07,Census Tract,Vaughan,4204
CT 0411.08,Census Tract,Vaughan,7466
CT 0411.09,Census Tract,Vaughan,6093
CT 0411.12,Census Tract,Vaughan,5369
CT 0411.15,Census Tract,Vaughan,4142
CT 0411.16,Census Tract,Vaughan,7296
CT 0411.17,Census Tract,Vaughan,10136
CT 0411.18,Census Tract,Vaughan,11190
CT 0411.19,Census Tract,Vaughan,9979
CT 0411.21,Census Tract,Vaughan,2421
CT 0411.22,Census Tract,Vaughan,5306
CT 0411.23,Census Tract,Vaughan,4616
CT 0411.24,Census Tract,Vaughan,7363
CT 0411.25,Census Tract,Vaughan,3323
CT 0411.26,Census Tract,Vaughan,5277
CT 0411.27,Census Tract,Vaughan,3945
CT 0411.28,Census Tract,Vaughan,4985
CT 0411.29,Census Tract,Vaughan,5793
CT 0411.30,Census Tract,Vaughan,6984
CT 0412.01,Census Tract,Vaughan,7278
CT 0412.02,Census Tract,Vaughan,10261
CT 0412.04,Census Tract,Vaughan,4282
CT 0412.06,Census Tract,Vaughan,3297
CT 0412.08,Census Tract,Vaughan,2543
CT 0412.10,Census Tract,Vaughan,5691
CT 0412.11,Census Tract,Vaughan,4443
CT 0412.12,Census Tract,Vaughan,3922
CT 0412.13,Census Tract,Vaughan,5129
CT 0412.14,Census Tract,Vaughan,3247
CT 0412.15,Census Tract,Vaughan,5689
CT 0412.18,Census Tract,Vaughan,7096
CT 0412.19,Census Tract,Vaughan,9254
CT 0412.20,Census Tract,Vaughan,5528
CT 0412.21,Census Tract,Vaughan,21
CT 0412.22,Census Tract,Vaughan,8911
CT 0412.24,Census Tract,Vaughan,8731
CT 0412.25,Census Tract,Vaughan,5469
CT 0412.26,Census Tract,Vaughan,6018
CT 0413.01,Census Tract,Vaughan,16587
CT 0413.02,Census Tract,Vaughan,15154
CT 0420.03,Census Tract,Richmond Hill,7043
CT 0420.05,Census Tract,Richmond Hill,7993
CT 0420.06,Census Tract,Richmond Hill,4978
CT 0420.08,Census Tract,Richmond Hill,4459
CT 0420.09,Census Tract,Richmond Hill,4804
CT 0420.10,Census Tract,Richmond Hill,3662
CT 0420.11,Census Tract,Richmond Hill,5917
CT 0420.13,Census Tract,Richmond Hill,6205
CT 0420.14,Census Tract,Richmond Hill,8657
CT 0420.15,Census Tract,Richmond Hill,2333
CT 0421.01,Census Tract,Richmond Hill,7209
CT 0421.04,Census Tract,Richmond Hill,3715
CT 0421.05,Census Tract,Richmond Hill,3408
CT 0421.06,Census Tract,Richmond Hill,4294
CT 0421.07,Census Tract,Richmond Hill,4018
CT 0422.02,Census Tract,Richmond Hill,5842
CT 0422.03,Census Tract,Richmond Hill,6807
CT 0422.04,Census Tract,Richmond Hill,3761
CT 0422.05,Census Tract,Richmond Hill,6730
CT 0422.06,Census Tract,Richmond Hill,5356
CT 0423.01,Census Tract,Richmond Hill,3738
CT 0423.02,Census Tract,Richmond Hill,7750
CT 0424.04,Census Tract,Richmond Hill,2542
CT 0424.05,Census Tract,Richmond Hill,8853
CT 0424.07,Census Tract,Richmond Hill,8306
CT 0424.08,Census Tract,Richmond Hill,7012
CT 0424.09,Census Tract,Richmond Hill,4648
CT 0424.10,Census Tract,Richmond Hill,6441
CT 0424.11,Census Tract,Richmond Hill,8859
CT 0424.13,Census Tract,Richmond Hill,4554
CT 0424.14,Census Tract,Richmond Hill,13157
CT 0424.15,Census Tract,Richmond Hill,9958
CT 0424.16,Census Tract,Richmond Hill,9013
CT 0430.03,Census Tract,Whitchurch - Stouffville,6001
CT 0430.05,Census Tract,Whitchurch - Stouffville,7487
CT 0430.06,Census Tract,Whitchurch - Stouffville,7367
CT 0430.07,Census Tract,Whitchurch - Stouffville,10270
CT 0430.08,Census Tract,Whitchurch - Stouffville,5992
CT 0431.01,Census Tract,Whitchurch - Stouffville,6534
CT 0431.02,Census Tract,Whitchurch - Stouffville,6213
CT 0440,Census Tract,Aurora,7728
CT 0441.02,Census Tract,Aurora,4356
CT 0441.03,Census Tract,Aurora,7228
CT 0441.04,Census Tract,Aurora,5748
CT 0442.02,Census Tract,Aurora,4325
CT 0442.03,Census Tract,Aurora,5110
CT 0442.04,Census Tract,Aurora,3680
CT 0442.05,Census Tract,Aurora,7173
CT 0442.06,Census Tract,Aurora,16709
CT 0450.02,Census Tract,Newmarket,3175
CT 0450.03,Census Tract,Newmarket,8386
CT 0450.05,Census Tract,Newmarket,6191
CT 0450.06,Census Tract,Newmarket,8327
CT 0451.01,Census Tract,Newmarket,2237
CT 0451.02,Census Tract,Newmarket,5336
CT 0451.03,Census Tract,Newmarket,6810
CT 0451.05,Census Tract,Newmarket,6081
CT 0451.06,Census Tract,Newmarket,6701
CT 0451.07,Census Tract,Newmarket,4927
CT 0452.01,Census Tract,Newmarket,3174
CT 0452.02,Census Tract,Newmarket,5024
CT 0452.03,Census Tract,Newmarket,5280
CT 0452.05,Census Tract,Newmarket,6411
CT 0452.06,Census Tract,Newmarket,4573
CT 0452.07,Census Tract,Newmarket,5309
CT 0455,Census Tract,East Gwillimbury,9009
CT 0456.01,Census Tract,East Gwillimbury,11526
CT 0456.02,Census Tract,East Gwillimbury,10104
CT 0456.03,Census Tract,East Gwillimbury,3998
CT 0460.01,Census Tract,King,8659
CT 0460.02,Census Tract,King,3503
CT 0461.01,Census Tract,King,7215
CT 0461.02,Census Tract,King,7956
CT 0470,Census Tract,Georgina,2951
CT 0471,Census Tract,Georgina,3283
CT 0472,Census Tract,Georgina,8349
CT 0473.01,Census Tract,Georgina,6539
CT 0473.02,Census Tract,Georgina,6898
CT 0473.03,Census Tract,Georgina,3616
CT 0474,Census Tract,Georgina,5912
CT 0475,Census Tract,Georgina,7728
CT 0476.01 (Chippewas of Georgina Island First Nation),Census Tract,Chippewas of Georgina Island First Nation,231
CT 0476.02,Census Tract,Georgina,2366
CT 0480.01,Census Tract,Bradford West Gwillimbury,4016
CT 0480.03,Census Tract,Bradford West Gwillimbury,3271
CT 0480.04,Census Tract,Bradford West Gwillimbury,1548
CT 0480.05,Census Tract,Bradford West Gwillimbury,6227
CT 0480.06,Census Tract,Bradford West Gwillimbury,2570
CT 0481.02,Census Tract,Bradford West Gwillimbury,4171
CT 0481.03,Census Tract,Bradford West Gwillimbury,0
CT 0481.04,Census Tract,Bradford West Gwillimbury,6521
CT 0481.05,Census Tract,Bradford West Gwillimbury,3677
CT 0482,Census Tract,Bradford West Gwillimbury,10879
CT 0483.01,Census Tract,New Tecumseth,5384
CT 0483.02,Census Tract,New Tecumseth,6930
CT 0484.02,Census Tract,New Tecumseth,6769
CT 0484.03,Census Tract,New Tecumseth,6364
CT 0484.04,Census Tract,New Tecumseth,945
CT 0485.02,Census Tract,New Tecumseth,8536
CT 0485.03,Census Tract,New Tecumseth,108
CT 0485.04,Census Tract,New Tecumseth,3933
CT 0485.05,Census Tract,New Tecumseth,4979
CT 0500.01,Census Tract,Mississauga,3678
CT 0500.02,Census Tract,Mississauga,4780
CT 0501.01,Census Tract,Mississauga,5718
CT 0501.02,Census Tract,Mississauga,7122
CT 0502.01,Census Tract,Mississauga,5645
CT 0502.02,Census Tract,Mississauga,2533
CT 0503,Census Tract,Mississauga,4946
CT 0504,Census Tract,Mississauga,3419
CT 0505.01,Census Tract,Mississauga,4476
CT 0505.02,Census Tract,Mississauga,5664
CT 0506,Census Tract,Mississauga,2609
CT 0507,Census Tract,Mississauga,3707
CT 0508,Census Tract,Mississauga,3533
CT 0509.01,Census Tract,Mississauga,5122
CT 0509.02,Census Tract,Mississauga,3418
CT 0510,Census Tract,Mississauga,5388
CT 0511.01,Census Tract,Mississauga,6086
CT 0511.02,Census Tract,Mississauga,4795
CT 0512,Census Tract,Mississauga,6056
CT 0513.01,Census Tract,Mississauga,6781
CT 0513.02,Census Tract,Mississauga,6215
CT 0513.03,Census Tract,Mississauga,3297
CT 0513.04,Census Tract,Mississauga,3662
CT 0514.01,Census Tract,Mississauga,2355
CT 0514.02,Census Tract,Mississauga,5464
CT 0515.01,Census Tract,Mississauga,4185
CT 0515.02,Census Tract,Mississauga,3771
CT 0516.01,Census Tract,Mississauga,5393
CT 0516.02,Census Tract,Mississauga,4749
CT 0516.03,Census Tract,Mississauga,5630
CT 0516.04,Census Tract,Mississauga,6257
CT 0516.05,Census Tract,Mississauga,6210
CT 0516.06,Census Tract,Mississauga,4784
CT 0516.08,Census Tract,Mississauga,6218
CT 0516.09,Census Tract,Mississauga,6899
CT 0516.11,Census Tract,Mississauga,4699
CT 0516.16,Census Tract,Mississauga,5132
CT 0516.17,Census Tract,Mississauga,3403
CT 0516.18,Census Tract,Mississauga,3428
CT 0516.20,Census Tract,Mississauga,6104
CT 0516.21,Census Tract,Mississauga,2898
CT 0516.22,Census Tract,Mississauga,6826
CT 0516.23,Census Tract,Mississauga,5541
CT 0516.24,Census Tract,Mississauga,3953
CT 0516.25,Census Tract,Mississauga,3749
CT 0516.26,Census Tract,Mississauga,6580
CT 0516.28,Census Tract,Mississauga,4571
CT 0516.29,Census Tract,Mississauga,4699
CT 0516.30,Census Tract,Mississauga,5955
CT 0516.31,Census Tract,Mississauga,2713
CT 0516.32,Census Tract,Mississauga,4971
CT 0516.37,Census Tract,Mississauga,9288
CT 0516.38,Census Tract,Mississauga,6492
CT 0516.39,Census Tract,Mississauga,5087
CT 0516.40,Census Tract,Mississauga,6304
CT 0516.41,Census Tract,Mississauga,5727
CT 0516.43,Census Tract,Mississauga,3930
CT 0516.44,Census Tract,Mississauga,5237
CT 0516.47,Census Tract,Mississauga,5083
CT 0516.48,Census Tract,Mississauga,6541
CT 0516.5,Census Tract,Mississauga,3934
CT 0516.51,Census Tract,Mississauga,4543
CT 0516.52,Census Tract,Mississauga,4704
CT 0516.53,Census Tract,Mississauga,2656
CT 0516.54,Census Tract,Mississauga,4518
CT 0516.55,Census Tract,Mississauga,4674
CT 0517,Census Tract,Mississauga,1710
CT 0518,Census Tract,Mississauga,4328
CT 0519,Census Tract,Mississauga,3975
CT 0520.01,Census Tract,Mississauga,5179
CT 0520.02,Census Tract,Mississauga,7509
CT 0520.05,Census Tract,Mississauga,3581
CT 0520.07,Census Tract,Mississauga,4929
CT 0520.08,Census Tract,Mississauga,6094
CT 0520.09,Census Tract,Mississauga,7166
CT 0520.11,Census Tract,Mississauga,4856
CT 0520.12,Census Tract,Mississauga,5010
CT 0521.01,Census Tract,Mississauga,5504
CT 0521.02,Census Tract,Mississauga,3404
CT 0521.03,Census Tract,Mississauga,4787
CT 0521.04,Census Tract,Mississauga,6542
CT 0521.05,Census Tract,Mississauga,4248
CT 0521.06,Census Tract,Mississauga,5540
CT 0522,Census Tract,Mississauga,6034
CT 0523,Census Tract,Mississauga,6084
CT 0524.01,Census Tract,Mississauga,4658
CT 0524.02,Census Tract,Mississauga,3569
CT 0525.01,Census Tract,Mississauga,3274
CT 0525.02,Census Tract,Mississauga,4207
CT 0526.01,Census Tract,Mississauga,5810
CT 0526.02,Census Tract,Mississauga,3502
CT 0527.02,Census Tract,Mississauga,4904
CT 0527.04,Census Tract,Mississauga,5615
CT 0527.05,Census Tract,Mississauga,5369
CT 0527.06,Census Tract,Mississauga,3606
CT 0527.07,Census Tract,Mississauga,4775
CT 0527.08,Census Tract,Mississauga,4069
CT 0527.09,Census Tract,Mississauga,3312
CT 0527.1,Census Tract,Mississauga,4657
CT 0527.11,Census Tract,Mississauga,10056
CT 0527.12,Census Tract,Mississauga,4671
CT 0527.13,Census Tract,Mississauga,4060
CT 0528.01,Census Tract,Mississauga,5534
CT 0528.11,Census Tract,Mississauga,5232
CT 0528.12,Census Tract,Mississauga,5477
CT 0528.13,Census Tract,Mississauga,3397
CT 0528.15,Census Tract,Mississauga,4194
CT 0528.16,Census Tract,Mississauga,5079
CT 0528.18,Census Tract,Mississauga,6633
CT 0528.19,Census Tract,Mississauga,5068
CT 0528.20,Census Tract,Brampton,5726
CT 0528.21,Census Tract,Brampton,4781
CT 0528.22,Census Tract,Brampton,6329
CT 0528.24,Census Tract,Mississauga,4983
CT 0528.26,Census Tract,Mississauga,6807
CT 0528.31,Census Tract,Brampton,6442
CT 0528.32,Census Tract,Mississauga,4088
CT 0528.33,Census Tract,Mississauga,6224
CT 0528.34,Census Tract,Mississauga,5810
CT 0528.35,Census Tract,Mississauga,3056
"CT 0528.35
 3,056 Population [2021] – Census
 15.03 km² Area
 203.3/km² Population Density [2021]
 -1.6% Annual Population Change [2016 → 2021]",,,
CT 0528.39,Census Tract,Mississauga,6827
CT 0528.40,Census Tract,Mississauga,6071
CT 0528.42,Census Tract,Mississauga,5315
CT 0528.43,Census Tract,Mississauga,4975
CT 0528.44,Census Tract,Mississauga,1887
CT 0528.45,Census Tract,Mississauga,5454
CT 0528.46,Census Tract,Mississauga,6862
CT 0528.47,Census Tract,Mississauga,5044
CT 0528.49,Census Tract,Mississauga,4740
CT 0528.5,Census Tract,Brampton,3385
CT 0528.51,Census Tract,Brampton,4420
CT 0528.52,Census Tract,Brampton,6489
CT 0528.53,Census Tract,Brampton,2554
CT 0528.54,Census Tract,Mississauga,2935
CT 0528.55,Census Tract,Mississauga,4761
CT 0528.56,Census Tract,Mississauga,3455
CT 0528.57,Census Tract,Mississauga,4104
CT 0528.58,Census Tract,Mississauga,4073
CT 0528.59,Census Tract,Mississauga,4224
CT 0528.6,Census Tract,Mississauga,3626
CT 0528.61,Census Tract,Mississauga,4026
CT 0528.62,Census Tract,Mississauga,1778
CT 0528.63,Census Tract,Mississauga,5942
CT 0529.01,Census Tract,Mississauga,4097
CT 0529.02,Census Tract,Mississauga,4675
CT 0530.01,Census Tract,Mississauga,5217
CT 0530.02,Census Tract,Mississauga,3117
CT 0531.01,Census Tract,Mississauga,4106
CT 0531.02,Census Tract,Mississauga,6405
CT 0532.01,Census Tract,Mississauga,4319
CT 0532.02,Census Tract,Mississauga,4508
CT 0540.01,Census Tract,Mississauga,4850
CT 0540.02,Census Tract,Mississauga,5658
CT 0550.01,Census Tract,Mississauga,4672
CT 0550.02,Census Tract,Mississauga,7557
CT 0560,Census Tract,Brampton,6482
CT 0561,Census Tract,Brampton,6821
CT 0562.02,Census Tract,Brampton,6521
CT 0562.03,Census Tract,Brampton,5071
CT 0562.04,Census Tract,Brampton,4830
CT 0562.05,Census Tract,Brampton,5930
CT 0562.06,Census Tract,Brampton,3056
CT 0562.07,Census Tract,Brampton,4600
CT 0562.08,Census Tract,Brampton,4201
CT 0562.09,Census Tract,Brampton,4023
CT 0562.11,Census Tract,Brampton,3110
CT 0562.12,Census Tract,Brampton,7158
CT 0562.13,Census Tract,Brampton,1192
CT 0562.14,Census Tract,Brampton,3889
CT 0562.15,Census Tract,Brampton,3624
CT 0563.01,Census Tract,Brampton,6622
CT 0563.02,Census Tract,Brampton,3396
CT 0564.01,Census Tract,Brampton,2351
CT 0564.02,Census Tract,Brampton,4893
CT 0570.01,Census Tract,Brampton,4012
CT 0570.02,Census Tract,Brampton,4200
CT 0571.01,Census Tract,Brampton,3838
CT 0571.02,Census Tract,Brampton,4308
CT 0572.01,Census Tract,Brampton,7707
CT 0572.04,Census Tract,Brampton,3388
CT 0572.05,Census Tract,Brampton,6290
CT 0572.07,Census Tract,Brampton,4650
CT 0572.08,Census Tract,Brampton,5661
CT 0572.09,Census Tract,Brampton,4674
CT 0572.10,Census Tract,Brampton,3567
CT 0573.03,Census Tract,Brampton,6410
CT 0573.05,Census Tract,Brampton,5978
CT 0573.06,Census Tract,Brampton,4611
CT 0573.07,Census Tract,Brampton,6129
CT 0573.09,Census Tract,Brampton,6086
CT 0573.10,Census Tract,Brampton,3168
CT 0573.11,Census Tract,Brampton,4944
CT 0574,Census Tract,Brampton,6640
CT 0575.01,Census Tract,Brampton,5985
CT 0575.02,Census Tract,Brampton,4910
CT 0575.03,Census Tract,Brampton,6598
CT 0575.04,Census Tract,Brampton,6562
CT 0575.05,Census Tract,Brampton,6956
CT 0575.07,Census Tract,Brampton,3967
CT 0575.08,Census Tract,Brampton,5669
CT 0576.04,Census Tract,Brampton,4529
CT 0576.05,Census Tract,Brampton,6834
CT 0576.06,Census Tract,Brampton,8244
CT 0576.07,Census Tract,Brampton,4495
CT 0576.09,Census Tract,Brampton,3966
CT 0576.16,Census Tract,Brampton,6366
CT 0576.17,Census Tract,Brampton,6724
CT 0576.20,Census Tract,Brampton,6606
CT 0576.22,Census Tract,Brampton,7297
CT 0576.29,Census Tract,Brampton,4160
CT 0576.31,Census Tract,Brampton,3726
CT 0576.33,Census Tract,Brampton,2624
CT 0576.34,Census Tract,Brampton,5987
CT 0576.43,Census Tract,Brampton,6487
CT 0576.44,Census Tract,Brampton,2727
CT 0576.45,Census Tract,Brampton,2816
CT 0576.46,Census Tract,Brampton,5286
CT 0576.47,Census Tract,Brampton,4274
CT 0576.49,Census Tract,Brampton,5144
CT 0576.50,Census Tract,Brampton,6726
CT 0576.52,Census Tract,Brampton,5738
CT 0576.53,Census Tract,Brampton,4365
CT 0576.54,Census Tract,Brampton,5729
CT 0576.55,Census Tract,Brampton,6734
CT 0576.57,Census Tract,Brampton,4141
CT 0576.59,Census Tract,Brampton,6394
CT 0576.62,Census Tract,Brampton,6824
CT 0576.63,Census Tract,Brampton,6577
CT 0576.65,Census Tract,Brampton,3054
CT 0576.66,Census Tract,Brampton,6457
CT 0576.68,Census Tract,Brampton,4910
CT 0576.69,Census Tract,Brampton,5710
CT 0576.73,Census Tract,Brampton,2587
CT 0576.74,Census Tract,Brampton,8511
CT 0576.75,Census Tract,Brampton,6421
CT 0576.76,Census Tract,Brampton,4803
CT 0576.77,Census Tract,Brampton,5196
CT 0576.78,Census Tract,Brampton,5212
CT 0576.79,Census Tract,Brampton,2684
CT 0576.8,Census Tract,Brampton,3248
CT 0576.81,Census Tract,Brampton,4741
CT 0576.82,Census Tract,Brampton,5296
CT 0576.83,Census Tract,Brampton,2549
CT 0576.84,Census Tract,Brampton,5595
CT 0576.85,Census Tract,Brampton,6827
CT 0576.86,Census Tract,Brampton,4443
CT 0576.87,Census Tract,Brampton,4013
CT 0576.88,Census Tract,Brampton,4353
CT 0576.89,Census Tract,Brampton,3694
CT 0576.9,Census Tract,Brampton,3930
CT 0576.91,Census Tract,Brampton,12629
CT 0576.92,Census Tract,Brampton,5764
CT 0576.93,Census Tract,Brampton,8477
CT 0576.94,Census Tract,Brampton,4490
CT 0576.95,Census Tract,Brampton,4269
CT 0576.96,Census Tract,Brampton,7097
CT 0576.97,Census Tract,Brampton,4351
CT 0576.98,Census Tract,Brampton,29669
CT 0576.99,Census Tract,Brampton,5773
CT 0577,Census Tract,Brampton,9294
CT 0577.01,Census Tract,Brampton,3270
CT 0577.02,Census Tract,Brampton,5173
CT 0577.03,Census Tract,Brampton,6193
CT 0577.04,Census Tract,Brampton,6712
CT 0577.05,Census Tract,Brampton,5208
CT 0577.06,Census Tract,Brampton,5823
CT 0577.07,Census Tract,Brampton,3726
CT 0577.08,Census Tract,Brampton,4532
CT 0577.09,Census Tract,Brampton,3472
CT 0585.02,Census Tract,Caledon,6275
CT 0585.03,Census Tract,Caledon,5493
CT 0585.05,Census Tract,Caledon,6882
CT 0585.07,Census Tract,Caledon,7842
CT 0585.08,Census Tract,Caledon,4020
CT 0585.09,Census Tract,Caledon,5872
CT 0585.10,Census Tract,Caledon,4628
CT 0586.02,Census Tract,Caledon,3032
CT 0586.03,Census Tract,Caledon,4674
CT 0586.04,Census Tract,Caledon,6588
CT 0586.05,Census Tract,Caledon,9563
CT 0587.01,Census Tract,Caledon,6072
CT 0587.02,Census Tract,Caledon,5640
CT 0590,Census Tract,Orangeville,5041
CT 0591.01,Census Tract,Orangeville,5602
CT 0591.02,Census Tract,Orangeville,5314
CT 0592.01,Census Tract,Orangeville,6839
CT 0592.02,Census Tract,Orangeville,7371
CT 0593.01,Census Tract,Mono,3289
CT 0593.02,Census Tract,Mono,1809
CT 0593.03,Census Tract,Mono,1747
CT 0593.04,Census Tract,Mono,2576
CT 0600.01,Census Tract,Oakville,6273
CT 0600.02,Census Tract,Oakville,6756
CT 0601,Census Tract,Oakville,4159
CT 0602,Census Tract,Oakville,4851
CT 0603,Census Tract,Oakville,5790
CT 0604,Census Tract,Oakville,2382
CT 0605,Census Tract,Oakville,2544
CT 0606,Census Tract,Oakville,5384
CT 0607,Census Tract,Oakville,3068
CT 0608,Census Tract,Oakville,2746
CT 0609,Census Tract,Oakville,2943
CT 0610.03,Census Tract,Oakville,4563
CT 0610.04,Census Tract,Oakville,3228
CT 0610.05,Census Tract,Oakville,4592
CT 0610.06,Census Tract,Oakville,4234
CT 0611,Census Tract,Oakville,5025
CT 0612.01,Census Tract,Oakville,51
CT 0612.03,Census Tract,Oakville,6108
CT 0612.05,Census Tract,Oakville,5753
CT 0612.08,Census Tract,Oakville,5410
CT 0612.10,Census Tract,Oakville,44
CT 0612.11,Census Tract,Oakville,5655
CT 0612.12,Census Tract,Oakville,6550
CT 0612.13,Census Tract,Oakville,3763
CT 0612.14,Census Tract,Oakville,4311
CT 0612.15,Census Tract,Oakville,7989
CT 0612.18,Census Tract,Oakville,4410
CT 0612.19,Census Tract,Oakville,4008
CT 0612.20,Census Tract,Oakville,4302
CT 0612.21,Census Tract,Oakville,6922
CT 0612.22,Census Tract,Oakville,8217
CT 0612.23,Census Tract,Oakville,4957
CT 0612.25,Census Tract,Oakville,5324
CT 0612.26,Census Tract,Oakville,6373
CT 0612.27,Census Tract,Oakville,5327
CT 0612.28,Census Tract,Oakville,3918
CT 0612.29,Census Tract,Oakville,4110
CT 0613.01,Census Tract,Oakville,4269
CT 0613.03,Census Tract,Oakville,4207
CT 0613.04,Census Tract,Oakville,4856
CT 0614.01,Census Tract,Oakville,3141
CT 0614.02,Census Tract,Oakville,3929
CT 0615,Census Tract,Oakville,21317
CT 0620.05,Census Tract,Milton,4761
CT 0620.06,Census Tract,Milton,7833
CT 0620.07,Census Tract,Milton,5458
CT 0620.09,Census Tract,Milton,6174
CT 0620.13,Census Tract,Milton,2419
CT 0620.14,Census Tract,Milton,5784
CT 0620.15,Census Tract,Milton,4095
CT 0620.16,Census Tract,Milton,3238
CT 0620.17,Census Tract,Milton,5138
CT 0620.18,Census Tract,Milton,4634
CT 0620.19,Census Tract,Milton,3155
CT 0620.2,Census Tract,Milton,4584
CT 0620.21,Census Tract,Milton,5328
CT 0620.22,Census Tract,Milton,4823
CT 0620.23,Census Tract,Milton,4508
CT 0620.24,Census Tract,Milton,7044
CT 0620.25,Census Tract,Milton,5889
CT 0620.26,Census Tract,Milton,3554
CT 0620.27,Census Tract,Milton,4385
CT 0620.28,Census Tract,Milton,4093
CT 0620.29,Census Tract,Milton,7578
CT 0621,Census Tract,Milton,6057
CT 0622,Census Tract,Milton,6203
CT 0623,Census Tract,Milton,3572
CT 0624,Census Tract,Milton,5288
CT 0625,Census Tract,Milton,1457
CT 0626,Census Tract,Milton,5927
CT 0630,Census Tract,Halton Hills,3352
CT 0631.02,Census Tract,Halton Hills,5911
CT 0631.03,Census Tract,Halton Hills,4968
CT 0631.04,Census Tract,Halton Hills,5650
CT 0632,Census Tract,Halton Hills,4412
CT 0633,Census Tract,Halton Hills,3736
CT 0634.01,Census Tract,Halton Hills,4381
CT 0634.02,Census Tract,Halton Hills,3595
CT 0635,Census Tract,Halton Hills,6022
CT 0636,Census Tract,Halton Hills,3185
CT 0637,Census Tract,Halton Hills,7306
CT 0638,Census Tract,Halton Hills,6034
CT 0639,Census Tract,Halton Hills,4399
CT 0800.01,Census Tract,Pickering,3828
CT 0800.02,Census Tract,Pickering,4844
CT 0801.01,Census Tract,Pickering,3579
CT 0801.02,Census Tract,Pickering,6181
CT 0802.01,Census Tract,Toronto,4011
CT 0802.02,Census Tract,Toronto,5373
CT 0803.03,Census Tract,Pickering,5633
CT 0803.04,Census Tract,Pickering,6258
CT 0803.05,Census Tract,Pickering,6850
CT 0803.06,Census Tract,Pickering,5452
CT 0804.01,Census Tract,Pickering,7216
CT 0804.05,Census Tract,Pickering,7125
CT 0804.06,Census Tract,Pickering,3011
CT 0804.07,Census Tract,Pickering,3796
CT 0804.08,Census Tract,Pickering,3623
CT 0804.10,Census Tract,Pickering,4860
CT 0804.11,Census Tract,Pickering,5896
CT 0804.12,Census Tract,Pickering,8874
CT 0804.13,Census Tract,Pickering,4931
CT 0805.04,Census Tract,Ajax,8024
CT 0805.06,Census Tract,Ajax,6154
CT 0805.09,Census Tract,Ajax,5648
CT 0805.10,Census Tract,Ajax,6464
CT 0805.16,Census Tract,Ajax,7541
CT 0805.17,Census Tract,Ajax,5598
CT 0805.18,Census Tract,Ajax,3011
CT 0805.19,Census Tract,Ajax,1794
CT 0805.20,Census Tract,Ajax,4716
CT 0805.21,Census Tract,Ajax,1664
CT 0805.22,Census Tract,Ajax,4696
CT 0805.23,Census Tract,Ajax,6964
CT 0805.24,Census Tract,Ajax,333
CT 0805.25,Census Tract,Ajax,10050
CT 0805.26,Census Tract,Ajax,346
CT 0805.27,Census Tract,Ajax,8917
CT 0806,Census Tract,Pickering,4854
CT 0807,Census Tract,Pickering,2375
CT 0810.01,Census Tract,Ajax,4123
CT 0810.02,Census Tract,Ajax,2402
CT 0810.03,Census Tract,Ajax,3147
CT 0810.04,Census Tract,Ajax,6306
CT 0810.05,Census Tract,Ajax,3642
CT 0811,Census Tract,Ajax,3882
CT 0812,Census Tract,Ajax,6203
CT 0820.03,Census Tract,Ajax,3884
CT 0820.04,Census Tract,Ajax,2704
CT 0820.05,Census Tract,Ajax,2371
CT 0820.06,Census Tract,Ajax,1994
CT 0820.07,Census Tract,Ajax,4088
CT 0830,Census Tract,Uxbridge,4964
CT 0831.01,Census Tract,Uxbridge,5660
CT 0831.02,Census Tract,Uxbridge,6904
CT 0832,Census Tract,Uxbridge,4028